701,702,960,722
702,705,400,724
702,713,360,723
702,703,1320,722
703,727,240,724
703,730,600,723
704,714,80,724
704,720,800,723
705,742,320,724
705,712,240,724
706,725,280,724
707,724,760,724
707,722,120,724
708,733,320,723
708,732,320,724
709,731,600,723
709,708,320,723
710,735,200,724
710,736,1280,724
711,741,400,723
711,740,200,724
713,704,520,723
714,718,520,724
720,707,920,724
720,706,600,723
727,744,280,723
730,709,200,723
733,734,560,723
734,737,640,723
734,710,520,724
737,738,400,723
738,711,400,723
744,728,200,724
744,729,280,724
709,775,1,1002
799R,701,1850,721
SOURCEBUS,799,1,1001
799,799R,100,721
